{"cameraMode":{"drawMode":0,"name":"Shaded","section":"Shading Mode"},"sceneLighting":false,"audioPlay":false,"sceneViewState":{"showFog":true,"showMaterialUpdate":false,"showSkybox":false,"showFlares":true,"showImageEffects":true,"showParticleSystems":true,"showVisualEffectGraphs":true,"m_FxEnabled":false},"in2DMode":false,"pivot":{"x":-1.1535089015960694,"y":0.20174777507781983,"z":-0.7174153327941895},"rotation":{"x":0.46867769956588747,"y":-0.5187587738037109,"z":0.42036035656929018,"w":0.5783897042274475},"size":39.84929275512695,"orthographic":true}